{
  "circles": [
    [ 0.9659258262890683, 0.25881904510252074, 1 ],
    [ 0.7071067811865476, 0.7071067811865476, 1 ],
    [ 0.25881904510252096, 0.9659258262890682, 1 ],
    [ -0.25881904510252063, 0.9659258262890683, 1 ],
    [ -0.7071067811865475, 0.7071067811865476, 1 ],
    [ -0.9659258262890682, 0.258819045102521, 1 ],
    [ -0.9659258262890683, -0.2588190451025208, 1 ],
    [ -0.7071067811865477, -0.7071067811865475, 1 ],
    [ -0.2588190451025215, -0.9659258262890681, 1 ],
    [ 0.2588190451025203, -0.9659258262890684, 1 ],
    [ 0.7071067811865468, -0.7071067811865483, 1 ],
    [ 0.9659258262890681, -0.25881904510252157, 1 ]
  ],
  "resolution": 3000,
  "iterations": 3,

  "antialiasing_level": 1,
  "out-file": "clock.png",
  "colors": [
    "#9e0142",
    "#d53e4f",
    "#f46d43",
    "#fdae61",
    "#fee08b",
    "#e6f598",
    "#abdda4",
    "#66c2a5",
    "#3288bd",
    "#5e4fa2"
  ]
}