{
  "circles": [
    [ -0.5, 0, 0.5 ],
    [ 0.5, 0, 0.5 ],
    [ 0, 1.5388417685876268, 1.118033988749895 ],
    [ 0, -1.5388417685876268, 1.118033988749895 ]
  ],
  "resolution": 3000,
  "iterations": 3,
  "antialiasing-level": 3,
  "out-file": "golden_triangle_1.png"
}




