{
  "circles": [
    [ 0.0, 1.1523824354812433, 0.5 ],
    [ -0.900968867902419, 0.7184986963636852, 0.5 ],
    [ -1.1234898018587336, -0.2564292158181383, 0.5 ],
    [ -0.5000000000000002, -1.0382606982861682, 0.5 ],
    [ 0.49999999999999983, -1.0382606982861684, 0.5 ],
    [ 1.1234898018587334, -0.25642921581813877, 0.5 ],
    [ 0.9009688679024193, 0.718498696363685, 0.5 ],
    [ 0, 0, 1.6523824354812433 ],
    [ 0, 0, 0.6523824354812433 ]
  ],
  "resolution": 4096,
  "iterations": 3,

  "antialiasing-level": 4,
  "out-file": "heptagon.png",
  "colors": [
    "#264653",
    "#287271",
    "#2A9D8F",
    "#8AB17D",
    "#E9C46A",
    "#F4A261",
    "#E76F51"
  ],
  "view": [ -17986, -17986, 17986, 17986 ]
}