
{
  "circles": [
    [0.0, 0.8506508083520399, 0.5],
    [-0.8090169943749473, 0.26286555605956685, 0.5],
    [-0.5000000000000001, -0.6881909602355867, 0.5],
    [0.4999999999999998, -0.6881909602355868, 0.5],
    [0.8090169943749475, 0.2628655560595666, 0.5],
    [0, 0, 1.3506508083520399]
  ],
  "resolution": 3000,
  "iterations": 3,
  "antialiasing-level": 3,
  "out-file": "pentagon-blue.png",
  "colors": [ "#03045E", "#0077B6", "#00B4D8", "#90E0Ef", "#CAF0F8" ]
}