{
  "circles": [
    [ 0.7071067811865476, 0, 1 ],
    [ 0, 0.7071067811865476, 1 ],
    [ -0.7071067811865476, 0, 1 ],
    [ 0, -0.7071067811865476, 1 ],
    [ 0, 0, 1.7071067811865475 ]
  ],
  "resolution" : 3000,
  "iterations": 3,
  "antialiasing_level": 3,
  "out-file": "square_3iters.png",
  "colors": [ "#000000", "#444444", "#AAAAAA", "#FFD700" ],
  "view": [ -10, -10, 10, 10 ]
}